,data
0,mas
1,menos
2,
3,none
4,
5,na
6,am
7,pm
8,rifle
9,american
10,eagle
11,group
12,sena
13,sanitas
14,coorserpark
15,siberia
16,emi
17,tronix
18,ii
19,daviplata
20,gracias
21,asdasd
22,nov
23,simex
24,reional
25,bienvenido
26,regional
27,adecco
28,cav
29,buscando
30,favor
31,aplica
32,armenia
33,gustaria
34,ser
35,metlife
36,fin
37,dar
38,datamarshall
39,importante
40,multinaciona
41,aproximadamente
42,necesitaras
43,for
44,marblehh
45,com
46,cali
47,jyb
48,americas
49,an
50,cargo
51,invitamos
52,apliques
53,vacante
54,salario
55,prestaciones
56,ubicada
57,hojasdevida
58,bogota
59,funza
60,madrid
61,desempen
62,ar
63,mensual
64,acuerdo
65,compan
66,medellin
67,ciudad
68,domingo
69,lunes
70,martes
71,miercoles
72,jueves
73,viernes
74,sabado
75,aplican
76,dinero
77,horario
78,deben
79,vivir
80,indispensable
81,alrededores
82,fontibon
83,montevideo
84,solo
85,pagan
86,si
87,no
88,horarios
89,debes
90,tener
91,chileno
92,calendario
93,lugar
94,realizaran
95,datamarch
96,google
97,etc
98,bps
99,kc
100,realiza
101,sigue
102,interesado
103,smlv
104,minimo
105,recargos
106,dominicales
107,festivos
108,ninguna
109,gold
110,quieres
111,fin
112,gana
113,clara
114,vision
115,precios
116,tipos
117,diversos
118,lograr
119,afines
120,medio
121,dia
122,minima
123,arse
124,realizando
125,funciones
126,utilizar
127,usado
128,increible
129,confortable
130,vacantes
131,unete
132,ofrecemos
133,encargara
134,fijo
135,hola
136,encontramos
137,busca
138,encuentra
139,remitida
140,jorge
141,tadeo
142,cuales
143,encuentren
144,ultimos
145,requiere
146,meses
147,os
148,incentivos
149,buscamos
150,cada
151,cumples
152,dudes
153,poder
154,realizar
155,ahora
156,or
157,espirit
158,rifle
159,american
160,eagle
161,mng
162,star
163,turnos
164,rotativos
165,americanino
166,chevignon
167,esprit
168,naf
169,debe
170,mision
171,to
172,familia
173,llena
174,great
175,claro
176,periodo
177,sabes
178,secreto
179,personas
180,animas
181,unirte
182,mano
183,requerimos
184,semestre
185,semestres
186,compensar
187,cualquiera
188,postulate
189,invitamos
190,dentro
191,domino
192,dominos
193,mosquera
194,turno
195,centromedellin
196,pizza
197,dp
198,archies
199,starbucks
200,brindando
201,len
202,carbon
203,disponible
204,deseo
205,mcdonalds
206,franquiciado
207,dorados
208,mayor
209,registrarte
210,mediante
211,thomas
212,dos
213,saint
214,puesto
215,asi
216,contribuyendo
217,contamos
218,mise
219,and
220,steward
221,beer
222,todas
223,suba
224,pinar
225,mesa
226,bar
227,amplia
228,total
229,altos
230,norte
231,man
232,afines
233,proximo
234,barranquilla
235,apartado
236,reto
237,metlife
238,manizales
239,cuente
240,copacabana
241,acompan
242,sientes
243,mientras
244,hamburguesas
245,corral
246,exito
247,sur
248,brindar
249,traves
250,urgente
251,punto
252,zona
253,descanso
254,semana
255,cisco
256,dude
257,prtg
258,solarwinds
259,usando
260,segun
261,sera
262,siguientes
263,bajo
264,diploma
265,adjuntar
266,fotocopia
267,espan
268,a
269,compass
270,honorarios
271,extras
272,menor
273,fines
274,contrato
275,bono
276,areas
277,comunes
278,unicamente
279,gusto
280,aplicar
281,sede
282,iv
283,bls
284,contar
285,perfil
286,mejor
287,manejo
288,dr
289,vida
290,hoja
291,pto
292,apertura
293,cierre
294,enviar
295,local
296,popular
297,requerido
298,mensualmente
299,adecco
300,diesel
301,old
302,mutual
303,monterrey
304,marble
305,bbva
306,coca
307,cola
308,puente
309,desean
310,cdmx
311,aranda
312,andose
313,tat
314,gasolina
315,men
316,uber
317,eats
318,rappi
319,conscientes
320,neidy
321,conformen
322,respecto
323,actuales
324,media
325,etapa
326,encuentre
327,are
328,in
329,maurimar
330,perfil
331,dar
332,crepes
333,waffles
334,acaba
335,bayport
336,estara
337,nuevo
338,barbosa
339,velez
340,peso
341,residan
342,blanca
343,preferible
344,tolima
345,flamingo
346,salarial
347,chia
348,residir
349,preferiblemente
350,vivir
351,vigente
352,teleton
353,antigua
354,gratuito
355,ofrecerte
356,contar
357,quieran
358,postularse
359,nin
360,fds
361,on
362,horas
363,deseas
364,fines
365,gstar
366,raw
367,mango
368,haiti
369,quala
370,dominicana
371,to
372,antioquia
373,buscar
374,inferior
375,dulcer
376,we
377,salsas
378,toma
379,va
380,sticker
381,cheese
382,cakes
383,gladys
384,arro
385,hot
386,nevero
387,embargo
388,ofrecer
389,saber
390,rotativo
391,casino
392,kenzo
393,jeans
394,similar
395,huawei
396,ericsson
397,nokia
398,enero
399,febrero
400,marzo
401,abril
402,mayo
403,junio
404,julio
405,asgosto
406,septiembre
407,octubre
408,noviembre
409,diciembre
410,suzuki
411,requerir
412,turbo
413,kodiak
414,doble
415,toyota
416,florida
417,mama
418,papa
419,by
420,salary
421,sad
422,the
423,first
424,of
425,with
426,yamaha
427,honda
428,susuki
429,viaticos
430,prestacionales
431,extrapromedio
432,pasto
433,albania
434,guajira
435,candelaria
436,palmira
437,abstenerse
438,par
439,barrio
440,man
441,perfumer
442,hombre
443,alto
444,nubia
445,solicitar
446,mina
447,gondola
448,nevera
449,doble
450,tal
451,cafe
452,harina
453,amarillo
454,cat
455,convenirhorario
456,monday
457,our
458,new
459,is
460,not
461,both
462,all
463,the
464,best
465,mes
466,despues
467,basico
468,emermedica
469,chaparral
470,persona
471,seria
472,aportes
473,parafiscales
474,cop
475,hiring
476,bonus
477,is
478,months
479,new
480,seeking
481,hard
482,santo
483,marta
484,contemplar
485,jeans
486,leggins
487,tenis
488,max
489,gmail
490,joven
491,adulto
492,nota
493,pdf
494,marmato
495,windsor
496,agro
497,max
498,festivossalario
499,ver
500,dry
501,tipo
502,long
503,year
504,kilo
505,metro
506,podras
507,disponibles
508,buenos
509,parte
510,drill
511,informal
512,formal
513,permoda
514,brasier
515,gigas
516,lavador
517,corar
518,tocancipa
519,ideal
520,mapowergroup
521,colombianos
522,johnson
523,kellogg
524,algun
525,comisioneshorario
526,domingos
527,sabados
528,consolidarse
529,snacks
530,steam
531,robotschool
532,buen
533,despues
534,prestacion
535,agendar
536,inferior
537,diurno
538,pulsar
539,determinar
540,adelante
541,one
542,referente
543,sepa
544,mb
545,etb
546,vodafone
547,directv
548,viernessalarios
549,amazing
550,solvo
551,dolares
552,bonos
553,off
554,rethus
555,colombia
556,leyturnos
557,llanogrande
558,buscanos
559,ten
560,crees
561,pie
562,verificable
563,tulua
564,bogotatecnico
565,vacantesalario
566,casinopostulate
567,laserhorario
568,april
569,party
570,huge
571,china
572,sabadosfunciones
573,manga
574,pijamas
575,socialessi
576,pulpo
577,bogotahorario
578,megamiken
579,soldaduratecnico
580,plantase
581,deseable
582,padre
583,mitsubishi
584,metalmecanicoindispensable
585,microsoftinstalacion
586,mismo
587,medellinnota
588,vecino
589,seguimientocompetencias
590,latinoamerica
591,negro
592,negra
593,bolivar
594,rotativossalario
595,medellinhabilidades
596,trabajoexperiencia
597,antioquen
598,gestionhabilidadesproactivamanejo
599,pronosticosconocimiento
600,patio
601,indefinidovivir
602,cargobasico
603,medellinhorario
604,cafetero
605,bus
606,dominical
607,rapido
608,medicosestablecer
609,ceramicapara
610,asertivaproactividad
611,mslv
612,rotativosexcelente
613,medellinsalario
614,casinos
615,mimina
616,incapacidadescarnetizacionconocimiento
617,cafeter
618,floridablanca
619,galapa
620,magdalena
621,facebookcreacion
622,iran
623,friday
624,caldasbachillerexperiencia
625,legalesvivir
626,seguridadbachillersalario
627,weekly
628,taiwan
629,crecimientomodalidad
630,triple
631,mensualessalario
632,principal
633,latinoamerica
634,renault
635,leypromedio
636,leycapacitacion
637,colombiabuscamos
638,mimo
639,poblado
640,caracteristicasinternet
641,computrabajo
642,inversionrealizar
643,hispania
644,industrialexperiencia
645,bachilleresfunciones
646,descripcionbuscamos
647,mercedes
648,carrotanqueexperiencia
649,diane
650,pig
651,refrigeranteindispensable
652,sabadoimportante
653,hotmail
654,llanos
655,sagaroflowers
656,leycontrato
657,rionegrocalipalmirabuga
658,pricemart
659,chefrito
660,homecenter
661,bachillerexperiencia
662,triplex
663,pigtail
664,mismoverificar
665,rionegropreferiblemente
666,yale
667,humanossalario
668,administrativasdeben
669,trabajadoresconciliaciones
670,abejorralguarnesonsonvinculacion
671,casinocontrato
672,mosquerahorario
673,indefinidotrabaja
674,bono
675,extralegales
676,artesanaleselaboracion
677,mice
678,crema
679,montenegro
680,zunilda
681,beef
682,bachillerindispensable
683,orange
684,medellinrequisitos
685,llamado
686,leyfirma
687,familiahorariorotativo
688,infraestructuratecnicos
689,eliot
690,minerva
691,requisitoseducaciontecnologo
692,administrativaselectricidadelectromecanicos
693,anteriormenteestudios
694,monthlybasic
695,competitivebe
696,englisha
697,friday
698,otroherramientas
699,dadas
700,distrital
701,muestra
702,impala
703,always
704,soap
705,medellinhabilidades
706,restwoocommercemicroservicesconocimientos
707,beneficioscontratacion
708,atlantic
709,bachillerhorarios
710,tecnologiadomingo
711,fresno
712,refrigeracionindispensable
713,bachillerexperiencia
714,superetesauxilio
715,requisitosexperiencia
716,maquinariaconocimiento
717,virginia
718,cableminimo
719,requisitostener
720,clienterequisitos
721,mototener
722,computadorwindows
723,villavicencioexperiencia
724,dada
725,importanterethusresoluciontener
726,cartagena
727,maya
728,leytodo
729,mercanciainventarioscomunicacion
730,bachillerfunciones
731,certificadajornada
732,andes
733,geisha
734,floridarequiere
735,bachillerindispensable
736,vermont
737,bachilleratoexperiencia
738,sandy
739,thor
740,militarfotocopia
741,urbina
742,casinonivel
743,leycontrato
744,carolina
745,bobcat
746,americana
747,mensuales
748,passwords
749,europa
750,hombrebachillersituacion
751,automotorequisitos
752,productivoconocimientos
753,invisible
754,gemini
755,cuba
756,indigo
757,adelanteautomatica
758,bachillerrequisitos
759,mensajerotener
760,medicamentosimportante
761,van
762,motoressuspensiom
763,tahiti
764,ciudadrequisitos
765,lili
766,poker
767,creemos
768,renal
769,sushi
770,pasta
771,zeuss
772,sexo
773,extralegalescontrato
774,mediodia
775,sino
776,covid
777,medellinfuncionesrealizar
778,alamos
779,llamado
780,fedex
781,bachillerescondicionessalario
782,contribuiral
783,luis
784,colombiabuscamos
785,popayanriohachasincelejotumacoyopalbarranquillaenviar
786,maternidadcontratacion
787,barranquillaestudios
788,bancolombia
789,inmediatafunciones
790,valledupar
791,bogotafunciones
792,armeniaescolaridad
793,chile
794,bachillertipo
795,produccionhorario
796,casinoexperiencia
797,laborindispensable
798,antibacterial
799,medellinpreferiblemente
800,surfunciones
801,instalacionesrequisitosjornada
802,manpowergroup
803,serviciocotizacionesrecuperacion
804,nevada
805,italo
806,convocatoriareconocida
807,mensuales
808,laboral
809,techopromedio
810,rotativosformacion
811,igual
812,academicasseguimiento
813,tecnologicasinnovadorasrequisitos
814,buscamosbuscamos
815,acacias
816,sunday
817,jestexperience
818,italian
819,saltpeter
820,soda
821,caterpillar
822,ford
823,dieselalineacion
824,disco
825,estipuladosconfeccionar
826,boxer
827,zigzag
828,jeanshorario
829,melaninas
830,closet
831,leycontrato
832,diapagos
833,weekend
834,uk
835,malta
836,canada
837,australia
838,nueva
839,zelanda
840,candidato
841,bigpass
842,labor
843,home
844,almuerzo
845,hallar
846,laborado
847,molde
848,arena
849,pvc
850,ten
851,zinc
852,trainingweekly
853,paymentsbar
854,bonuses
855,mls
856,caring
857,loved
858,mission
859,during
860,pandemic
861,at
862,afternoon
863,evening
864,availability
865,needed
866,including
867,colombian
868,monthly
869,minimum
870,valormanejo
871,opencomexindispensable
872,xxi
873,muisca
874,bavaria
875,multinacional
876,bogotaexperiencia
877,internos
878,completorequisitos
879,bachillertecnico
880,drywall
881,cercano
882,edad
883,laborar
884,experta
885,officecompensacion
886,taxis
887,funcionessalario
888,oscargo
889,inconveniente
890,canada
891,pro
892,marcasamsung
893,still
894,reimond
895,prima
896,beneficios
897,miel
898,llamada
899,friko
900,andres
901,cuerquia
902,semanal
903,festivo
904,academicolicencia
905,vigilantesin
906,unitariaspruebas
907,kiss
908,plus
909,zeus
910,recargo
911,nocturno
912,excelente
913,unido
914,laborpagos
915,mensualeshorario
916,diario
917,metal
918,limpio
919,sogamososalario
920,barrios
921,unidos
922,listos
923,sentry
924,pepeganga
925,moto
926,siguiente
927,bogotamedellin
928,bolivia
929,cerritopastohipialeshombres
930,foodie
931,sas
932,poke
933,nasa
934,wendy
935,dell
936,peru
937,mexico
938,good
939,proven
940,politico
941,base
942,brief
943,ray
944,ban
945,jobandtalent
946,lujo
947,busqueda
948,pagado
949,directamente
950,extrassalario
951,extraspar
952,manpower
953,victimas
954,violencia
955,sexual
956,bueno
957,hogarexperiencia
958,rock
959,hd
960,camara
961,comision
962,megas
963,diadema
964,free
965,latin
966,america
967,welcoming
968,june
969,december
970,each
971,elusive
972,often
973,apple
974,good
975,strong
976,extralegal
977,bonuses
978,people
979,convenir
980,ola
981,clientecoordinar
982,risaralda
983,caimailito
984,sencillosalario
985,remate
986,bpcontar
987,audi
988,kia
989,gama
990,acaciasaguachicacartagocaucasiaespinalflorenciaibaguela
991,doradamocoapopayanriohachasincelejotumacoyopalbarranquillaenviar
992,radicado
993,norteamericanos
994,mercadeovinculacion
995,aprendizajeremuneracion
996,onelink
997,autonal
998,desinfeccionhorario
999,rotativossmlv
1000,tambien
1001,poda
1002,laborar
1003,medellinmujeres
1004,protocoloinspecciona
1005,pen
1006,on
1007,grandes
1008,superficies
1009,enduro
1010,pago
1011,smmlv
1012,sabadorequisitos
1013,sed
1014,varios
1015,abc
1016,minina
1017,urbanolider
1018,confinadoscurso
1019,horascondicionessalario
1020,momento
1021,cosmeticospreferiblemente
1022,funcionesventa
1023,funcionesrealizar
1024,seran
1025,alcoholimetriarealizadas
1026,homologable
1027,cc
1028,vehiculo
1029,electronicoplataformas
1030,prestacioneshorario
1031,documento
1032,rotativossi
1033,incluir
1034,rural
1035,actualizado
1036,semanasalario
1037,inportante
1038,presentarse
1039,uniforme
1040,tecnicasdeben
1041,healthy
1042,sports
1043,stands
1044,pertenencia
1045,multinivelespersonal
1046,celta
1047,park
1048,depender
1049,poseer
1050,robusto
1051,bachilleringles
1052,colombiano
1053,descansar
1054,unidosrequisito
1055,detergente
1056,hino
1057,procesador
1058,ram
1059,gb
1060,redsolo
1061,ana
1062,mlv
1063,variable
1064,interesados
1065,cumplir
1066,land
1067,demas
1068,necesidad
1069,volvo
1070,karen
1071,yisel
1072,arias
1073,economicopostula
1074,tubo
1075,plastico
1076,casinohorarios
1077,rotativoscontrato
1078,obra
1079,deliver
1080,excellent
1081,three
1082,years
1083,positionsteaching
1084,boynton
1085,beach
1086,florido
1087,other
1088,preschool
1089,full
1090,main
1091,texas
1092,taskfor
1093,as
1094,almacencompetencias
1095,clientetrabajo
1096,small
1097,pop
1098,gondolas
1099,whiskas
1100,pet
1101,cargoprofesion
1102,fid
1103,quimicosexperiencias
1104,yogurt
1105,temperatura
1106,color
1107,tinto
1108,gel
1109,disney
1110,marvel
1111,nickelodeon
1112,knit
1113,pink
1114,zig
1115,zag
1116,man
1117,citadas
1118,reunion
1119,allison
1120,morales
1121,copia
1122,ampliado
1123,frio
1124,book
1125,exitos
1126,city
1127,hunter
1128,mago
1129,acrobatas
1130,drama
1131,villavicencio
1132,acacia
1133,termino
1134,visa
1135,princesa
1136,superheroes
1137,cctv
1138,camara
1139,apto
1140,examen
1141,caracterizarse
1142,bogotarequisitos
1143,aprendizajeasignacion
1144,smlvhorario
1145,bogotaimportante
1146,tiempo
1147,completo
1148,polar
1149,esten
1150,habilitado
1151,socialremuneracion
1152,smmlvotros
1153,disponer
1154,tenerconocimiento
1155,ecuador
1156,creamosdiagnosticar
1157,sesion
1158,telefono
1159,chiller
1160,estadio
1161,palmaseca
1162,solicita
1163,busqueda
1164,agileslenguajes
1165,informacionservicio
1166,mas
1167,menos
1168,
1169,none
1170,strong
1171,quote
1172,anho
1173,anhos
1174,about
1175,adicional
1176,afin
1177,applicant
1178,asignado
1179,avanzado
1180,client
1181,companhia
1182,conocimiento
1183,conocimientos
1184,contact
1185,debera
1186,description
1187,espacio
1188,excel
1189,garantizar
1190,nivel
1191,offer
1192,pequenho
1193,solicitud
1194,successful
1195,what
1196,accion
1197,actividad
1198,apoyar
1199,apoyo
1200,beneficio
1201,capacidad
1202,competencia
1203,control
1204,correo
1205,crecimiento
1206,diferente
1207,diferentes
1208,ejecucion
1209,elaboracion
1210,encontrar
1211,establecido
1212,forma
1213,funcion
1214,general
1215,generar
1216,habilidad
1217,hacer
1218,mejora
1219,mejorar
1220,objetivo
1221,office
1222,oportunidad
1223,pais
1224,paquete
1225,permitir
1226,pertenecer
1227,presentacion
1228,querer
1229,relacion
1230,relacionado
1231,resultado
